video,class
15.mp4,no
37.mp4,no
60.mp4,no
93.mp4,no
111.mp4,no
118.mp4,no
120.mp4,no
131.mp4,no
149.mp4,no
207.mp4,no
223.mp4,no
234.mp4,no
240.mp4,no
245.mp4,no
247.mp4,no
253.mp4,no
256.mp4,no
279.mp4,no
0.mp4,yes
2.mp4,yes
9.mp4,yes
10.mp4,yes
13.mp4,yes
16.mp4,yes
21.mp4,yes
27.mp4,yes
29.mp4,yes
31.mp4,yes
32.mp4,yes
33.mp4,yes
45.mp4,yes
49.mp4,yes
51.mp4,yes
52.mp4,yes
53.mp4,yes
65.mp4,yes
77.mp4,yes
83.mp4,yes
87.mp4,yes
88.mp4,yes
89.mp4,yes
95.mp4,yes
98.mp4,yes
101.mp4,yes
104.mp4,yes
119.mp4,yes
122.mp4,yes
123.mp4,yes
126.mp4,yes
130.mp4,yes
132.mp4,yes
133.mp4,yes
134.mp4,yes
135.mp4,yes
137.mp4,yes
140.mp4,yes
141.mp4,yes
145.mp4,yes
150.mp4,yes
152.mp4,yes
153.mp4,yes
155.mp4,yes
160.mp4,yes
161.mp4,yes
163.mp4,yes
164.mp4,yes
165.mp4,yes
170.mp4,yes
171.mp4,yes
172.mp4,yes
173.mp4,yes
178.mp4,yes
180.mp4,yes
183.mp4,yes
190.mp4,yes
191.mp4,yes
192.mp4,yes
198.mp4,yes
204.mp4,yes
208.mp4,yes
210.mp4,yes
212.mp4,yes
217.mp4,yes
221.mp4,yes
224.mp4,yes
228.mp4,yes
229.mp4,yes
235.mp4,yes
238.mp4,yes
239.mp4,yes
242.mp4,yes
244.mp4,yes
246.mp4,yes
263.mp4,yes
264.mp4,yes
265.mp4,yes
269.mp4,yes
271.mp4,yes
275.mp4,yes
276.mp4,yes
277.mp4,yes
284.mp4,yes
289.mp4,yes
291.mp4,yes
294.mp4,yes
295.mp4,yes
297.mp4,yes
298.mp4,yes
299.mp4,yes
305.mp4,yes
306.mp4,yes
310.mp4,yes
312.mp4,yes
318.mp4,yes
328.mp4,yes
339.mp4,yes
342.mp4,yes
343.mp4,yes
348.mp4,yes
350.mp4,yes
351.mp4,yes
354.mp4,yes
356.mp4,yes
357.mp4,yes
1.mp4,yes
14.mp4,yes
7.mp4,yes
18.mp4,yes
20.mp4,yes
23.mp4,yes
24.mp4,yes
48.mp4,yes
50.mp4,yes
59.mp4,yes
61.mp4,yes
62.mp4,yes
64.mp4,yes
67.mp4,yes
68.mp4,yes
69.mp4,yes
82.mp4,yes
92.mp4,yes
96.mp4,yes
105.mp4,yes
109.mp4,yes
116.mp4,yes
125.mp4,yes
128.mp4,yes
136.mp4,yes
139.mp4,yes
143.mp4,yes
157.mp4,yes
166.mp4,yes
168.mp4,yes
176.mp4,yes
182.mp4,yes
185.mp4,yes
187.mp4,yes
200.mp4,yes
201.mp4,yes
203.mp4,yes
209.mp4,yes
214.mp4,yes
219.mp4,yes
222.mp4,yes
227.mp4,yes
230.mp4,yes
233.mp4,yes
243.mp4,yes
248.mp4,yes
249.mp4,yes
250.mp4,yes
252.mp4,yes
257.mp4,yes
258.mp4,yes
259.mp4,yes
260.mp4,yes
261.mp4,yes
262.mp4,yes
267.mp4,yes
268.mp4,yes
272.mp4,yes
273.mp4,yes
280.mp4,yes
282.mp4,yes
287.mp4,yes
292.mp4,yes
293.mp4,yes
301.mp4,yes
304.mp4,yes
307.mp4,yes
309.mp4,yes
313.mp4,yes
315.mp4,yes
319.mp4,yes
321.mp4,yes
322.mp4,yes
329.mp4,yes
331.mp4,yes
333.mp4,yes
338.mp4,yes
344.mp4,yes
347.mp4,yes
349.mp4,yes
352.mp4,yes
